Casos de proteccion  y/o asistencia consular atendidos en la RDCM en Estados Unidos - ámbito migratorio,,,,,,,,,,,,,,,,,,,,,,,,,,,,,,,,,,,,,,,,
,,,,,,,,,,,,,,,,,,,,,,,,,,,,,,,,,,,,,,,,
AÑO,,2010,,,2011,,,2012,,,2013,,,2014,,,2015,,,2016,,,2017,,,2018,,,2019,,,2020,,,2021,,,* 2022,,
ÁMBITO,RUBRO DE PROTECCIÓN,DESC.,HOMBRE,MUJER,DESC.,HOMBRE,MUJER,DESC.,HOMBRE,MUJER,DESC.,HOMBRE,MUJER,DESC.,HOMBRE,MUJER,DESC.,HOMBRE,MUJER,DESC.,HOMBRE,MUJER,DESC.,HOMBRE,MUJER,DESC.,HOMBRE,MUJER,DESC.,HOMBRE,MUJER,DESC.,HOMBRE,MUJER,DESC.,HOMBRE,MUJER,DESC.,HOMBRE,MUJER
MIGRATORIO,"INCIDENTES, MÚLTIPLES INVOLUCRADOS (MIGRATORIO)",,,,,,,,,,,,,,,,,,,,,,,,,,,,,,,,,,,,,,23,1
,MENOR PROCESADO BAJO LEY TVPRA,1,373,135,,375,112,,357,194,,278,165,,430,204,10,747,389,3,599,434,1,272,107,,509,323,1,453,312,1,230,128,2,726,526,2,467,359
,ORIENTACIóN GENERAL SOBRE CONSULTAS MIGRATORIAS Y/O TRáMITES DE RESIDENCIA,2,"1,734","1,472",6,"1,844","1,885",4,"1,687","1,789",4,"1,430","1,512",3,"2,014","1,985",26,"2,794","3,484",88,"2,472","3,096",871,"6,903","8,941",233,"13,161","15,765",93,"6,960","7,948",7,"2,584","2,451",4,"2,229","1,115",2,693,852
,OTROS CASOS DEL áMBITO MIGRATORIO,10,"4,423","1,026",6,"8,073","1,129",11,"8,545","6,359",11,"6,964","4,619",26,"7,071","5,526",16,"6,156","5,844",27,"8,192","6,418",60,"15,945","9,550",480,"14,951","6,176",241,"17,911","6,519",142,"20,194","3,248",3,"12,009","2,985",1,"8,004","1,730"
,PERMISOS DE INTERNACIóN POR RAZONES HUMANITARIAS,6,"1,143","1,352",,"1,096","1,403",1,902,"1,084",2,864,996,2,792,980,5,"1,275","1,407",3,"1,226","1,261",14,"1,056","1,318",,855,"1,103",9,978,"1,045",,510,556,,445,476,,126,199
,PROCESOS JUDICIALES MIGRATORIOS DE REMOCIóN,16,"10,455","1,174",18,"18,514","1,413",26,"49,479","1,172",19,"53,766","1,089",31,"33,711","1,081",143,"46,662","2,451",55,"42,933","4,304",146,"45,327","3,588",62,"46,749","3,335",64,"59,344","5,339",64,"48,940","4,564",12,"14,908","1,560",9,"8,722","1,006"
,PROCESOS JUDICIALES MIGRATORIOS DE RESIDENCIA,,339,413,1,775,304,1,260,212,,242,227,3,265,277,,233,220,,235,262,6,418,372,,485,373,1,440,325,4,580,231,,734,296,,"1,028",83
,REMOCIóN EXPEDITA EN PUERTOS DE ENTRADA,41,"21,203","3,897",2,"32,763","1,428",2,"32,491",94,1,"42,637",321,2,"25,417","1,363",101,"29,882","1,415",18,"20,759",241,8,"13,323",534,,"9,714",592,28,"3,526",695,5,"2,136",535,2,"2,286",825,3,564,258
,REPATRIACIóN DE ENFERMOS EN PROCESOS DE REMOCIóN,,178,25,53,158,14,,156,23,,114,7,,91,3,,103,7,,75,8,,84,5,,80,8,,123,8,1,171,10,,25,2,,12,2
,"REPATRIACIóN DE ENFERMOS, PERSONAS ACCIDENTADAS O EN RIESGO EN SU INTENTO POR CRUZAR LA FRONTERA",1,727,327,1,643,297,,797,331,,784,285,,634,259,1,537,190,,466,143,,267,81,,281,62,1,336,122,1,331,101,3,551,156,,144,55
,REPATRIACIóN DE MENORES (POR ESTANCIA O INGRESO INDOCUMENTADO),21,"10,225","1,775",17,"7,739","1,411",26,"8,499","1,328",33,"8,449","1,259",97,"11,525","1,440",21,"7,885","1,062",18,"9,241","1,148",5,"5,684",631,,"6,383",796,5,"6,822",781,3,"5,343",661,3,"13,577","1,402",8,"7,323",849
,REPATRIACIóN DE MENORES INFRACTORES (NO POR FALTAS MIGRATORIAS),,505,62,1,293,37,1,288,35,,106,15,,188,7,,188,5,,160,10,1,120,9,,116,7,2,110,8,,76,6,,36,3,,84,8
,REPATRIACIóN DE OTRAS PERSONAS VULNERABLES,3,"3,106",875,2,"2,551","1,076",,"2,537","1,415",1,"3,126","1,123",1,"3,043",941,2,"1,988",824,1,"1,779",496,2,"1,050",382,,853,253,4,860,187,1,576,149,,520,128,,213,74
,TESTIGOS DE CARGO,1,415,239,,339,247,1,244,208,,267,208,,406,156,1,776,159,3,"1,155",140,,"1,055",169,,"1,449",223,4,"2,188",354,15,"1,230",216,10,"1,003",203,2,446,81
,USO DE DOCUMENTOS FALSOS,2,73,46,,57,51,,32,15,,19,25,,12,12,,33,20,,25,26,,25,12,,28,13,,40,14,,8,4,,9,3,,8,3
,VíCTIMAS DE FRAUDE MIGRATORIO,,67,53,,30,18,,7,5,,18,6,,32,10,2,55,6,,148,17,7,237,152,,119,34,,246,58,,140,22,,50,1,,2,
,,,,,,,,,,,,,,,,,,,,,,,,,,,,,,,,,,,,,,,,
AÑO,,2019,,,2020,,,2021,,,* 2022,,,,AÑO,,,2019,,,2020,,,2021,,,* 2022,,,,,,,,,,,,,
ÁMBITO,REPRESENTACIÓN,DESC.,HOMBRE,MUJER,DESC.,HOMBRE,MUJER,DESC.,HOMBRE,MUJER,DESC.,HOMBRE,MUJER,,EDO. ORIGEN,,,DESC.,HOMBRE,MUJER,DESC.,HOMBRE,MUJER,DESC.,HOMBRE,MUJER,DESC.,HOMBRE,MUJER,,,,,,,,,,,
MIGRATORIO,ALBUQUERQUE,1,260,173,2,162,59,1,47,13,,11,6,,AGUASCALIENTES,,,1,815,184,0,785,89,,429,65,,228,28,,,,,,,,,,,
,ATLANTA,0,660,285,2,287,164,,146,78,,75,55,,BAJA CALIFORNIA,,,1,894,316,0,943,215,1,610,155,1,298,80,,,,,,,,,,,
,AUSTIN,1,690,429,1,171,144,,91,75,,129,98,,BAJA CALIFORNIA SUR,,,0,41,23,0,31,8,,22,9,,20,11,,,,,,,,,,,
,BOISE,0,82,63,3,62,47,,16,25,,38,17,,CAMPECHE,,,1,255,46,1,266,21,,162,17,,66,20,,,,,,,,,,,
,BOSTON,0,61,16,0,16,12,,15,4,,11,3,,CHIAPAS,,,67,"4,437","1,159",21,"4,413",673,2,"3,649",551,3,"2,498",445,,,,,,,,,,,
,BROWNSVILLE,1,"4,899",484,2,"4,624",323,1,"1,279",152,2,"1,936",202,,CHIHUAHUA,,,9,"2,353",875,0,"1,549",343,2,"1,459",279,,835,131,,,,,,,,,,,
,CALEXICO,15,"6,242","1,302",1,"6,059",491,2,"2,026",262,,409,98,,CIUDAD DE MÉXICO,,,16,"2,519","1,072",6,"1,762",567,,909,438,1,504,238,,,,,,,,,,,
,CHICAGO,1,"3,078",781,2,"1,586",472,2,"1,111",601,4,430,142,,COAHUILA,,,3,"1,137",574,0,566,157,,500,109,,328,56,,,,,,,,,,,
,DALLAS,4,"3,085","1,347",10,"5,651",521,1,"2,934",277,,"1,095",41,,COLIMA,,,5,303,115,2,261,50,,136,43,,63,24,,,,,,,,,,,
,DEL RIO,3,"1,833",130,0,504,40,,281,48,,224,50,,DURANGO,,,8,"1,292",404,1,826,185,,569,127,,299,84,,,,,,,,,,,
,DENVER,2,560,497,5,513,239,2,324,155,,85,16,,EDO. MEXICO,,,7,"3,968",917,8,"3,304",632,1,"2,525",646,3,"1,022",279,,,,,,,,,,,
,DETROIT,0,498,83,0,114,23,,46,33,,24,8,,GUANAJUATO,,,14,"5,425","1,194",7,"4,030",567,1,"2,031",413,2,"1,141",195,,,,,,,,,,,
,DOUGLAS,1,"1,871",373,0,"1,070",219,,587,166,,221,49,,GUERRERO,,,29,"7,305","2,833",19,"5,866","1,316",2,"3,607","1,094",2,"1,849",606,,,,,,,,,,,
,EAGLE PASS,2,774,307,0,332,31,1,"1,832",99,1,"1,246",68,,HIDALGO,,,53,"2,094",387,3,"1,469",207,1,754,174,1,528,138,,,,,,,,,,,
,EL PASO,0,"15,472","1,529",1,"9,814",901,2,"4,937",630,5,"3,025",466,,JALISCO,,,16,"3,449","1,198",3,"2,618",595,3,"1,471",452,1,698,195,,,,,,,,,,,
,FILADELFIA,3,"1,496",636,0,472,147,,215,93,5,316,130,,MICHOACAN,,,27,"6,072","2,075",14,"5,107",890,6,"2,798",682,1,"1,586",319,,,,,,,,,,,
,FRESNO,2,380,401,0,155,169,,105,99,1,46,61,,MORELOS,,,16,"1,214",450,3,809,219,,553,181,,269,86,,,,,,,,,,,
,HOUSTON,55,"1,484",672,21,"2,915",999,,"3,100",701,,"1,592",403,,NACIDO EXTRANJERO,,,4,151,212,0,83,63,,41,48,,26,39,,,,,,,,,,,
,INDIANAPOLIS,0,256,87,0,106,27,,72,23,,28,11,,NAYARIT,,,3,809,216,1,731,104,,339,77,,193,39,,,,,,,,,,,
,KANSAS CITY,0,205,89,1,103,39,,30,39,,31,8,,NUEVO LEON,,,8,870,348,0,716,184,,487,232,,262,72,,,,,,,,,,,
,LAREDO,7,"9,343","1,014",7,"7,467",880,6,"3,965",399,2,236,62,,OAXACA,,,30,"5,251","1,441",5,"3,877",904,3,"2,590",646,2,"1,448",505,,,,,,,,,,,
,LAS VEGAS,0,256,250,1,182,130,,62,32,,34,63,,PUEBLA,,,21,"4,359","1,297",10,"3,583",586,,"2,200",478,2,"1,321",295,,,,,,,,,,,
,LITTLE ROCK,1,713,256,0,247,82,,52,19,,22,7,,QUERETARO,,,0,"1,115",104,1,990,54,,401,41,,213,28,,,,,,,,,,,
,LOS ANGELES,29,"3,476",865,2,"1,366",437,,740,518,,349,160,,QUINTANA ROO,,,1,134,26,0,106,16,,60,11,,42,19,,,,,,,,,,,
,MC ALLEN,39,"17,724","1,757",154,"22,850","2,264",3,"12,481","1,561",,"9,182","1,481",,SAN LUIS POTOSI,,,6,"2,653",512,5,"1,747",245,1,829,178,,450,111,,,,,,,,,,,
,MIAMI,1,589,279,0,100,58,,97,56,,21,23,,SINALOA,,,14,"1,720",345,6,"1,461",181,,892,142,,543,103,,,,,,,,,,,
,MILWAUKEE,0,470,113,1,290,60,,180,70,,48,15,,SONORA,,,14,"1,638",639,1,"1,158",257,,846,223,,501,95,,,,,,,,,,,
,NOGALES,4,"2,180","1,312",0,"1,887",319,1,"2,581",380,3,"1,614",233,,TABASCO,,,4,455,114,3,495,62,,360,72,,391,47,,,,,,,,,,,
,NUEVA ORLEANS,1,280,91,1,125,36,,52,44,,27,20,,TAMAULIPAS,,,12,"3,304",790,23,"4,296",603,,"3,930",481,2,"1,681",304,,,,,,,,,,,
,NUEVA YORK,2,"1,391",813,0,444,202,,89,57,,107,39,,TLAXCALA,,,1,342,140,0,301,50,,135,63,,133,45,,,,,,,,,,,
,OMAHA,0,729,107,0,393,50,,80,52,,53,10,,VERACRUZ,,,12,"4,739",870,16,"4,385",592,,"2,566",536,,"1,732",408,,,,,,,,,,,
,ORLANDO,0,140,60,0,43,35,,60,56,,3,14,,YUCATAN,,,1,218,45,0,144,22,,81,25,,51,17,,,,,,,,,,,
,OXNARD,1,381,325,0,256,187,,143,122,,126,98,,ZACATECAS,,,3,"2,023",505,3,"1,330",243,1,744,172,,357,77,,,,,,,,,,,
,PHOENIX,35,"1,168",904,2,430,263,1,496,519,,368,326,,DESC.,,,46,"26,983","2,289",82,"23,041","1,982",15,"10,423",821,6,"6,283",421,,,,,,,,,,,
,PORTLAND,3,272,135,0,136,43,,50,30,,16,8,,TOTAL,,,453,"100,337","23,715",244,"83,049","12,882",39,"49,108","9,681",27,"27,859","5,560",,,,,,,,,,,
,PRESIDIO,1,318,55,0,372,53,,744,123,,260,118,,,,,,,,,,,,,,,,,,,,,,,,,,,
,RALEIGH,0,"1,078",435,0,580,147,1,96,55,1,93,21,,,,,,,,,,,,,,,,,,,,,,,,,,,
,SACRAMENTO,4,390,477,4,56,94,1,57,65,,20,44,,,,,,,,,,,,,,,,,,,,,,,,,,,
,SAINT PAUL,1,210,42,0,89,35,,68,40,,58,9,,,,,,,,,,,,,,,,,,,,,,,,,,,
,SALT LAKE CITY,0,300,166,0,196,55,2,154,62,1,49,13,,,,,,,,,,,,,,,,,,,,,,,,,,,
,SAN ANTONIO,6,"2,772",328,1,423,206,,159,92,1,58,15,,,,,,,,,,,,,,,,,,,,,,,,,,,
,SAN BERNARDINO,4,"1,086",380,6,614,156,3,224,177,,60,45,,,,,,,,,,,,,,,,,,,,,,,,,,,
,SAN DIEGO,2,"2,571",545,2,"5,435",620,2,"4,803",604,,"2,214",326,,,,,,,,,,,,,,,,,,,,,,,,,,,
,SAN FRANCISCO,0,233,155,0,131,120,,106,99,,44,50,,,,,,,,,,,,,,,,,,,,,,,,,,,
,SAN JOSÉ,0,489,667,0,117,179,2,72,81,,18,15,,,,,,,,,,,,,,,,,,,,,,,,,,,
,SANTA ANA,1,720,757,3,216,216,1,208,260,,66,89,,,,,,,,,,,,,,,,,,,,,,,,,,,
,SEATTLE,2,254,172,2,170,103,,76,75,,26,21,,,,,,,,,,,,,,,,,,,,,,,,,,,
,TUCSON,214,"5,096",993,5,"2,422",444,1,"1,475",309,1,"1,330",228,,,,,,,,,,,,,,,,,,,,,,,,,,,
,WASHINGTON,2,592,181,1,122,40,1,104,31,,76,28,,,,,,,,,,,,,,,,,,,,,,,,,,,
,YUMA,2,"1,230",397,1,"1,174",301,2,440,120,,309,47,,,,,,,,,,,,,,,,,,,,,,,,,,,
,TOTAL,453,"100,337","23,715",244,"83,049","12,882",39,"49,108","9,681",27,"27,859","5,560",,,,,,,,,,,,,,,,,,,,,,,,,,,
,,,,,,,,,,,,,,,,,,,,,,,,,,,,,,,,,,,,,,,,
,AÑO,2019,,,2020,,,2021,,,* 2022,,,,,,,,,,,,,,,,,,,,,,,,,,,,,
,Grupo de edad, DESC., HOMBRE, MUJER, DESC., HOMBRE, MUJER,DESC.,HOMBRE,MUJER,DESC.,HOMBRE,MUJER,,,,,,,,,,,,,,,,,,,,,,,,,,,
,De 00 a 17 años,50,"7,375","1,985",15,"5,569","1,326",1,"11,737","2,128",8,"7,288","1,325",,,,,,,,,,,,,,,,,,,,,,,,,,,
,De 18 a 25 años,78,"20,381","4,514",57,"18,793","2,827",11,"10,538","1,903",5,"4,541",995,,,,,,,,,,,,,,,,,,,,,,,,,,,
,De 26 a 35 años,143,"32,117","5,733",82,"27,261","3,425",7,"11,122","2,021",2,"6,208","1,154",,,,,,,,,,,,,,,,,,,,,,,,,,,
,De 36 a 45 años,93,"24,630","5,599",40,"19,468","2,513",7,"8,729","1,570",5,"4,986",828,,,,,,,,,,,,,,,,,,,,,,,,,,,
,De 46 a 55 años,48,"10,254","3,492",17,"7,845","1,555",2,"4,143","1,052",4,"2,125",588,,,,,,,,,,,,,,,,,,,,,,,,,,,
,De 56 a 65 años,12,"2,646","1,240",2,"1,773",532,1,"1,044",400,1,684,222,,,,,,,,,,,,,,,,,,,,,,,,,,,
,De 66 a 75 años,9,597,369,0,385,197,0,225,150,0,119,87,,,,,,,,,,,,,,,,,,,,,,,,,,,
,Más de 75 años,5,191,188,0,91,89,0,76,81,0,32,36,,,,,,,,,,,,,,,,,,,,,,,,,,,
,Se desconoce Edad,15,"2,146",595,31,"1,864",418,10,"1,494",376,2,"1,875",325,,,,,,,,,,,,,,,,,,,,,,,,,,,
,TOTAL,453,"100,337","23,715",244,"83,049","12,882",39,"49,108","9,681",27,"27,858","5,560",,,,,,,,,,,,,,,,,,,,,,,,,,,
*  Al 30 de junio de 2022.,,,,,,,,,,,,,,,,,,,,,,,,,,,,,,,,,,,,,,,,
Cifras sujetas a cambio sin previo aviso,,,,,,,,,,,,,,,,,,,,,,,,,,,,,,,,,,,,,,,jul-22,
Casos de proteccion  y/o asistencia consular atendidos en la RDCM en el mundo (excepto Estados Unidos) - ámbito migratorio,,,,,,,,,,,,,,,,,,,,,,,,,,,,,,,,,,,,,,,,
,,,,,,,,,,,,,,,,,,,,,,,,,,,,,,,,,,,,,,,,
AÑO,,2010,,,2011,,,2012,,,2013,,,2014,,,2015,,,2016,,,2017,,,2018,,,2019,,,2020,,,2021,,,* 2022,,
ÁMBITO,RUBRO DE PROTECCIÓN,DESC.,HOMBRE,MUJER,DESC.,HOMBRE,MUJER,DESC.,HOMBRE,MUJER,DESC.,HOMBRE,MUJER,DESC.,HOMBRE,MUJER,DESC.,HOMBRE,MUJER,DESC.,HOMBRE,MUJER,DESC.,HOMBRE,MUJER,DESC.,HOMBRE,MUJER,DESC.,HOMBRE,MUJER,DESC.,HOMBRE,MUJER,DESC.,HOMBRE,MUJER,DESC.,HOMBRE,MUJER
MIGRATORIO,"INCIDENTES, MÚLTIPLES INVOLUCRADOS (MIGRATORIO)",,,,,,,,,,,,,,,,,,,,,,,,,,,,,,,,,,,,,,,1
,ORIENTACIóN GENERAL SOBRE CONSULTAS MIGRATORIAS Y/O TRáMITES DE RESIDENCIA,,37,37,,62,41,,62,48,,51,44,,87,91,1,107,157,,67,93,,117,114,1,221,189,,149,157,,358,446,1,79,148,,69,98
,OTROS CASOS DEL áMBITO MIGRATORIO,,191,122,,315,193,,356,221,1,285,220,,329,236,,279,219,,484,441,2,538,361,1,471,331,,521,484,3,496,450,1,307,227,,133,94
,PERMISOS DE INTERNACIóN POR RAZONES HUMANITARIAS,,,1,,1,1,,,,,1,1,,3,2,,1,4,,,,,,1,,3,2,,1,,,2,1,,,6,,2,
,PROCESOS JUDICIALES MIGRATORIOS DE REMOCIóN,,39,16,,51,17,,357,16,,67,25,,68,23,,35,7,,34,11,,81,12,1,98,23,,150,43,,51,16,,37,19,1,27,20
,PROCESOS JUDICIALES MIGRATORIOS DE RESIDENCIA,,1,,,1,2,,1,1,,7,3,,3,7,,5,2,,3,4,,12,13,,10,4,,9,4,,5,2,,3,1,,1,
,REMOCIóN EXPEDITA EN PUERTOS DE ENTRADA,,17,23,,19,16,,15,9,,25,29,,35,27,,111,96,2,82,58,,218,51,1,249,61,,164,37,,30,8,,21,14,1,27,6
,"REPATRIACIóN DE ENFERMOS, PERSONAS ACCIDENTADAS O EN RIESGO EN SU INTENTO POR CRUZAR LA FRONTERA",,1,,,1,,,,,,1,,,,,,1,1,,2,,,2,,,1,,,,,,,,,5,2,,,
,REPATRIACIóN DE ENFERMOS EN PROCESOS DE REMOCIóN,,1,,,2,,,,1,,1,,,,,,4,2,,1,,,,,,,,,,1,,1,,,,,,,
,REPATRIACIóN DE MENORES (POR ESTANCIA O INGRESO INDOCUMENTADO),,4,8,,2,5,,2,4,4,12,35,,3,5,,3,,,6,6,,6,12,,14,14,,15,10,,3,9,,,,,3,6
,REPATRIACIóN DE MENORES INFRACTORES (NO POR FALTAS MIGRATORIAS),,,1,,,,,,17,,,,,,35,,,,,1,,,,1,,2,,,,2,,,4,,6,6,,,
,REPATRIACIóN DE OTRAS PERSONAS VULNERABLES,1,38,40,,41,43,,27,,,25,37,,27,,,56,45,,26,27,1,43,40,,35,38,,34,45,32,548,613,,50,84,,12,16
,TESTIGOS DE CARGO,,1,,,,,,,,,,,,24,,,,,,,,,,,,,,,,,,1,1,,,,,,
,VíCTIMAS DE FRAUDE MIGRATORIO,,2,,,2,1,,2,4,,,,,1,,,,,,,,,1,1,,1,1,,,2,,9,18,,,1,,,
,MENOR PROCESADO BAJO LEY TVPRA,,,1,,,1,,,,,,,,,,,,,,,,,,,,,,,,,,,2,,,,,,
,USO DE DOCUMENTOS FALSOS,,2,,,2,,,7,,,4,1,,,,,2,1,,2,1,,5,,,4,,,4,2,,1,1,,2,1,,,
,,,,,,,,,,,,,,,,,,,,,,,,,,,,,,,,,,,,,,2,274,241
AÑO,,2019,,,2020,,,2021,,,* 2022,,,,AÑO,,2019,,,2020,,,2021,,,* 2022,,,,,,,,,,,,,,
ÁMBITO,REPRESENTACIÓN,DESC.,HOMBRE,MUJER,DESC.,HOMBRE,MUJER,DESC.,HOMBRE,MUJER,DESC.,HOMBRE,MUJER,,EDO. ORIGEN,,DESC.,HOMBRE,MUJER,DESC.,HOMBRE,MUJER,DESC.,HOMBRE,MUJER,DESC.,HOMBRE,MUJER,,,,,,,,,,,,
MIGRATORIO,ALEMANIA,0,1,0,,2,3,,3,6,,3,2,,AGUASCALIENTES,,,8,5,,9,23,,9,12,,3,,,,,,,,,,,,,
,ARABIA SAUDITA,,,,,1,,,,,,,,,BAJA CALIFORNIA,,,13,11,,17,36,,9,9,,3,4,,,,,,,,,,,,
,ARGELIA,,,,,1,1,,1,2,,1,,,BAJA CALIFORNIA SUR,,,6,0,,4,2,,4,7,,1,3,,,,,,,,,,,,
,ARGENTINA,0,11,13,,99,126,,1,3,,,2,,CAMPECHE,,,4,5,,4,5,,4,1,,,2,,,,,,,,,,,,
,AUSTRALIA,,,,,,2,,4,1,,,,,CHIAPAS,,,28,36,1,31,28,,26,13,,3,12,,,,,,,,,,,,
,AUSTRIA,0,0,1,,1,,,,,,,,,CHIHUAHUA,,,103,117,,45,41,,8,11,,6,12,,,,,,,,,,,,
,BARCELONA,0,3,9,,12,19,,3,2,,,,,CIUDAD DE MÉXICO,,,194,156,7,287,259,,97,88,,42,29,,,,,,,,,,,,
,BÉLGICA,0,9,4,,3,1,,,,,2,,,COAHUILA,,,12,4,,18,28,,7,8,,3,3,,,,,,,,,,,,
,BELICE,0,14,8,,11,2,,3,5,,3,,,COLIMA,,,4,5,,9,9,,3,3,,,,,,,,,,,,,,,
,BOLIVIA,0,142,153,,71,45,,,1,,3,9,,DURANGO,,,28,26,,16,6,,5,9,,2,4,,,,,,,,,,,,
,BRASIL,0,1,0,,1,,,1,,,,,,EDO. MEXICO,,,39,40,1,68,81,1,21,14,,18,11,,,,,,,,,,,,
,CALGARY,0,11,1,,4,,,1,1,,,,,GUANAJUATO,,,13,17,3,38,29,,11,9,,7,3,,,,,,,,,,,,
,CANADÁ,0,35,5,,4,5,,10,,,5,1,,GUERRERO,,,26,20,,14,19,,7,7,1,2,8,,,,,,,,,,,,
,CHILE,0,1,0,,6,13,,,1,,,,,HIDALGO,,,22,9,3,17,21,,7,1,,6,3,,,,,,,,,,,,
,CHINA,0,14,10,,16,13,,1,5,,1,,,JALISCO,,,78,26,3,104,108,,39,34,,19,12,,,,,,,,,,,,
,COLOMBIA,0,5,4,,,3,1,101,47,,51,27,,MICHOACAN,,,30,10,3,47,18,,17,15,,10,5,,,,,,,,,,,,
,COREA,0,4,0,,1,4,,,2,,,2,,MORELOS,,,5,7,1,16,8,,5,5,,10,3,,,,,,,,,,,,
,COSTA RICA,0,8,2,32,116,139,,4,5,,2,,,NACIDO EXTRANJERO,,,20,32,2,36,36,,27,39,,13,13,,,,,,,,,,,,
,CUBA,0,2,1,,,2,,1,3,,1,2,,NAYARIT,,,5,5,,8,7,,2,2,,3,,,,,,,,,,,,,
,DINAMARCA,0,3,4,,1,2,,,1,,,,,NUEVO LEON,,,24,24,,36,51,,9,11,,7,6,,,,,,,,,,,,
,ECUADOR,0,2,0,,,1,,,,,,,,OAXACA,,,14,15,,20,15,,5,7,,3,6,,,,,,,,,,,,
,EGIPTO,0,0,4,,1,,,2,,,1,,,PUEBLA,,,30,14,1,45,51,,22,21,,9,3,,,,,,,,,,,,
,EL SALVADOR,0,27,42,1,70,34,,61,67,,14,19,,QUERETARO,,,15,2,,11,14,,11,4,,3,2,,,,,,,,,,,,
,EMIRATOS ARABES UNIDOS,0,2,1,,7,6,,2,1,,,,,QUINTANA ROO,,,12,16,,17,8,,5,7,,2,2,,,,,,,,,,,,
,ESPAÑA,0,67,69,,210,305,,47,93,,7,10,,SAN LUIS POTOSI,,,7,9,,20,25,,5,8,,2,1,,,,,,,,,,,,
,ESTAMBUL,0,0,1,,,1,,,2,,,,,SINALOA,,,23,18,2,34,39,,11,4,,6,3,,,,,,,,,,,,
,ETIOPÍA,,,,,4,3,,,1,,,,,SONORA,,,16,8,,23,25,,4,8,,1,4,,,,,,,,,,,,
,FEDERACIÓN RUSA,0,35,21,,27,15,,18,8,,6,,,TABASCO,,,22,9,,17,10,,1,4,,1,1,,,,,,,,,,,,
,FILIPINAS,,,,,3,4,,,,,,,,TAMAULIPAS,,,14,12,1,17,22,,14,13,,5,6,,,,,,,,,,,,
,FINLANDIA,,,,,1,2,,,,,,,,TLAXCALA,,,6,3,1,14,6,,1,1,,3,1,,,,,,,,,,,,
,FRANCIA,0,129,150,,44,52,,12,20,,18,24,,VERACRUZ,,,44,29,2,58,57,,24,13,,12,5,,,,,,,,,,,,
,FRANKFURT,0,3,3,,3,2,,,2,,,1,,YUCATAN,,,14,6,2,10,9,,3,1,,1,2,,,,,,,,,,,,
,GRECIA,0,0,1,,,,,,,,,,,ZACATECAS,,,23,17,,14,9,,4,2,,2,3,,,,,,,,,,,,
,GUANGZHOU,0,7,6,,31,13,,3,1,,,,,DESCONOCIDO,,,145,74,2,381,466,1,83,118,1,66,69,,,,,,,,,,,,
,GUATEMALA,0,1,6,,,1,,2,,,3,5,,TOTAL,,0,"1,047",787,35,"1,505","1,571",2,510,509,2,274,241,,,,,,,,,,,,
,GUYANA,,,,,1,,,,,,,,,,,,,,,,,,,,,,,,,,,,,,,,,,
,HAITÍ,0,1,2,,1,1,,,,,,,,,,,,,,,,,,,,,,,,,,,,,,,,,
,HONDURAS,0,8,5,,5,8,,12,7,,2,1,,,,,,,,,,,,,,,,,,,,,,,,,,,
,HONG KONG,0,1,0,,4,2,,2,1,,,,,,,,,,,,,,,,,,,,,,,,,,,,,,
,HUNGRÍA,0,2,0,,3,2,,5,3,,4,1,,,,,,,,,,,,,,,,,,,,,,,,,,,
,INDIA,0,0,1,,,,,,,,,,,,,,,,,,,,,,,,,,,,,,,,,,,,
,INDONESIA,0,1,4,,1,,,1,,,,,,,,,,,,,,,,,,,,,,,,,,,,,,,
,IRÁN,0,1,2,,1,1,,,3,,,,,,,,,,,,,,,,,,,,,,,,,,,,,,
,IRLANDA,0,2,3,,1,,,,3,,,,,,,,,,,,,,,,,,,,,,,,,,,,,,
,ISRAEL,0,4,17,,6,8,,,,,,,,,,,,,,,,,,,,,,,,,,,,,,,,,
,ITALIA,0,1,2,,3,10,,1,1,,1,,,,,,,,,,,,,,,,,,,,,,,,,,,,
,JAPÓN,0,3,1,,,3,,3,2,,,,,,,,,,,,,,,,,,,,,,,,,,,,,,
,JORDANIA,,,,,1,,,,,,,,,,,,,,,,,,,,,,,,,,,,,,,,,,
,KENIA,0,0,2,,4,2,,,,,,1,,,,,,,,,,,,,,,,,,,,,,,,,,,
,KUWAIT,,,,,,1,,,,,,,,,,,,,,,,,,,,,,,,,,,,,,,,,
,LEAMINGTON,0,9,1,,3,2,,,,,1,1,,,,,,,,,,,,,,,,,,,,,,,,,,,
,LÍBANO,0,2,0,,2,2,,,,,,,,,,,,,,,,,,,,,,,,,,,,,,,,,
,LONDRES,0,36,55,,175,288,1,63,126,,65,84,,,,,,,,,,,,,,,,,,,,,,,,,,,
,MALASIA,,,,,8,4,,,,,,,,,,,,,,,,,,,,,,,,,,,,,,,,,
,MARRUECOS,0,1,0,,2,2,,,1,,2,2,,,,,,,,,,,,,,,,,,,,,,,,,,,
,MILÁN,0,7,5,,5,10,,,1,,,,,,,,,,,,,,,,,,,,,,,,,,,,,,
,MONTREAL,0,3,2,,6,5,,9,9,,3,3,,,,,,,,,,,,,,,,,,,,,,,,,,,
,NICARAGUA,0,7,5,,18,11,,15,2,,1,1,,,,,,,,,,,,,,,,,,,,,,,,,,,
,NIGERIA,,,,,22,20,,,,,,,,,,,,,,,,,,,,,,,,,,,,,,,,,
,NORUEGA,0,0,5,,3,,,1,2,,2,1,,,,,,,,,,,,,,,,,,,,,,,,,,,
,NUEVA ZELANDIA,0,2,1,,,,,,,,1,3,,,,,,,,,,,,,,,,,,,,,,,,,,,
,PAISES BAJOS,0,2,0,,2,,,1,1,,,,,,,,,,,,,,,,,,,,,,,,,,,,,,
,PANAMÁ,0,107,68,,,1,,5,2,,1,1,,,,,,,,,,,,,,,,,,,,,,,,,,,
,PARAGUAY,,,,,2,,,1,,,1,,,,,,,,,,,,,,,,,,,,,,,,,,,,
,PERÚ,0,2,4,,113,153,,1,5,,,1,,,,,,,,,,,,,,,,,,,,,,,,,,,
,POLONIA,0,2,0,,1,,,,,,3,2,,,,,,,,,,,,,,,,,,,,,,,,,,,
,PORTUGAL,,,,,1,1,,2,1,,,,,,,,,,,,,,,,,,,,,,,,,,,,,,
,QATAR,0,0,1,,,4,,1,,,,,,,,,,,,,,,,,,,,,,,,,,,,,,,
,QUETZALTENANGO,0,3,0,,4,5,,,,,,,,,,,,,,,,,,,,,,,,,,,,,,,,,
,REPÚBLICA CHECA,0,3,1,,6,2,,2,4,,,,,,,,,,,,,,,,,,,,,,,,,,,,,,
,REPÚBLICA DOMINICANA,0,0,1,,,1,,,,,,,,,,,,,,,,,,,,,,,,,,,,,,,,,
,RIO DE JANEIRO,0,1,0,,,,,,,,1,,,,,,,,,,,,,,,,,,,,,,,,,,,,
,RUMANIA,,,,,,1,,,,,,,,,,,,,,,,,,,,,,,,,,,,,,,,,
,SAN JUAN,0,23,16,,70,18,,23,18,1,17,18,,,,,,,,,,,,,,,,,,,,,,,,,,,
,SAN PEDRO SULA,0,2,3,,6,9,,1,,,,,,,,,,,,,,,,,,,,,,,,,,,,,,,
,SANTA LUCÍA,,,,,,,,,,,,1,,,,,,,,,,,,,,,,,,,,,,,,,,,
,SAO PAULO,,,,,1,,,2,,,1,,,,,,,,,,,,,,,,,,,,,,,,,,,,
,SERBIA,,,,,9,8,,,1,,,,,,,,,,,,,,,,,,,,,,,,,,,,,,
,SHANGHAI,0,1,3,,13,8,,3,1,,,,,,,,,,,,,,,,,,,,,,,,,,,,,,
,SINGAPUR,0,0,1,,2,1,,,2,,2,2,,,,,,,,,,,,,,,,,,,,,,,,,,,
,SUDÁFRICA,,,,,9,24,,7,8,,,,,,,,,,,,,,,,,,,,,,,,,,,,,,
,SUECIA,0,1,0,,1,,,,,,,,,,,,,,,,,,,,,,,,,,,,,,,,,,
,SUIZA,0,1,0,,3,1,,2,,,1,1,,,,,,,,,,,,,,,,,,,,,,,,,,,
,TAILANDIA,0,3,0,,3,,,2,4,,,,,,,,,,,,,,,,,,,,,,,,,,,,,,
,TECUN UMÁN,0,0,2,,,,,,,,,,,,,,,,,,,,,,,,,,,,,,,,,,,,
,TORONTO,0,40,12,1,35,12,,8,5,1,26,5,,,,,,,,,,,,,,,,,,,,,,,,,,,
,TRINIDAD Y TOBAGO,0,1,1,,,,,,,,,1,,,,,,,,,,,,,,,,,,,,,,,,,,,
,TURQUÍA,0,2,2,,2,,,4,,,,,,,,,,,,,,,,,,,,,,,,,,,,,,,
,URUGUAY,0,5,1,,,,,,,,,,,,,,,,,,,,,,,,,,,,,,,,,,,,
,VANCOUVER,0,212,32,1,181,110,,45,12,,18,7,,,,,,,,,,,,,,,,,,,,,,,,,,,
,VENEZUELA,0,6,7,,13,11,,7,4,,,,,,,,,,,,,,,,,,,,,,,,,,,,,,
,VIETNAM,0,2,0,,2,,,,,,,,,,,,,,,,,,,,,,,,,,,,,,,,,,
,TOTAL,0,"1,047",787,35,"1,505","1,571",2,510,509,2,274,241,,,,,,,,,,,,,,,,,,,,,,,,,,,
,,,,,,,,,,,,,,,,,,,,,,,,,,,,,,,,,,,,,,,,
,AÑO,2019,,,2020,,,* 2021,,,* 2022,,,,,,,,,,,,,,,,,,,,,,,,,,,,,
,Grupo de edad, DESC., HOMBRE, MUJER, DESC., HOMBRE, MUJER, DESC., HOMBRE, MUJER,DESC.,HOMBRE,MUJER,,,,,,,,,,,,,,,,,,,,,,,,,,,
,De 00 a 17 años,0,58,65,1,80,69,,45,30,0,23,24,,,,,,,,,,,,,,,,,,,,,,,,,,,
,De 18 a 25 años,0,162,127,9,262,338,,57,89,0,31,27,,,,,,,,,,,,,,,,,,,,,,,,,,,
,De 26 a 35 años,0,322,191,11,370,303,,109,80,2,76,50,,,,,,,,,,,,,,,,,,,,,,,,,,,
,De 36 a 45 años,0,185,118,3,224,148,,70,61,0,44,24,,,,,,,,,,,,,,,,,,,,,,,,,,,
,De 46 a 55 años,0,121,98,4,121,85,,30,39,0,29,21,,,,,,,,,,,,,,,,,,,,,,,,,,,
,De 56 a 65 años,0,73,61,3,73,94,,19,13,0,9,7,,,,,,,,,,,,,,,,,,,,,,,,,,,
,De 66 a 75 años,0,18,19,3,21,35,,4,10,0,4,3,,,,,,,,,,,,,,,,,,,,,,,,,,,
,Más de 75 años,0,6,7,1,7,5,,4,5,0,3,3,,,,,,,,,,,,,,,,,,,,,,,,,,,
,Se desconoce Edad,0,102,101,0,347,494,2,172,182,0,55,82,,,,,,,,,,,,,,,,,,,,,,,,,,,
,TOTAL,0,"1,047",787,35,"1,505","1,571",2,510,509,2,274,241,,,,,,,,,,,,,,,,,,,,,,,,,,,
*  Al 30 de junio de 2022.,,,,,,,,,,,,,,,,,,,,,,,,,,,,,,,,,,,,,,,,
Cifras sujetas a cambio sin previo aviso,,,,,,,,,,,,,,,,,,,,,,,,,,,,,,,,,,,,,,,jul-22,
